distribuidor_limpio,precio
TERPEL,754.7816251154202
PETROBRAS,774.8179702048417
ENEX,787.7733333333333
Sin Bandera,788.1628896222956
SHELL,829.388494348027
COPEC,834.1595801896216
